{
    "fitddaaa": {
        "fun": 3.331882910209503e-05,
        "x": [
            384.0322392336138,
            4.084265837956203,
            0.9218000000009999,
            0.20930849243559999,
            0.42916146133647454,
            0.11813804971547459,
            0.6765677837184568,
            11.963499192894297,
            7.726474842039091,
            94.27794320495045
        ]
    }
}