{
    "fitddaaa": {
        "fun": 1.2557290908082236e-05,
        "x": [
            222.76610874638135,
            3.445084061619073,
            0.961300000001,
            0.22086139739776348,
            0.4235819221082713,
            0.11382995548193271,
            0.666421872942383,
            40.34174744450823,
            0.7685673098210626,
            211.26255784032185
        ]
    }
}