{
    "fitddaaa": {
        "fun": 2.443932330803136e-05,
        "x": [
            294.119522478496,
            3.769104346644743,
            0.921799999999,
            -0.008219649727385656,
            0.40395441458111764,
            0.1878021651466042,
            0.6765677837194568,
            32.851657600270876,
            25.382930271241754,
            214.5509324620153
        ]
    }
}