{
    "fitddaaa": {
        "fun": 1.6194680334098053e-05,
        "x": [
            187.95546399943692,
            3.234883229267505,
            0.9612999999990001,
            0.05059080635092985,
            0.41195875848109414,
            0.1367089864683889,
            0.666421872942383,
            79.20593292414713,
            24.33862869935442,
            418.04649605438465
        ]
    }
}