{
    "fitddaaa": {
        "fun": 9.637152570916925e-06,
        "x": [
            188.52861351517478,
            3.1229847234169688,
            1.012099999999,
            0.20334764469304592,
            0.4413134017742098,
            0.06869772910745785,
            0.46536588406941076,
            114.12477081601097,
            -100.71427976039806,
            898.5958209251711
        ]
    }
}