{
    "fitddaaa": {
        "fun": 4.616069087686948e-05,
        "x": [
            190.65283039893046,
            3.3896500827835454,
            0.921799999999,
            -0.2970129438243791,
            0.40778430341053024,
            0.2245503931422327,
            0.6765677837194568,
            101.61276789851576,
            75.8045323819369,
            519.8500293822023
        ]
    }
}