{
    "fitdda": {
        "fun": 2.28209387956548e-05,
        "x": [
            187.0780801653768,
            3.282121136516881,
            1.012099999999,
            -0.7848065842279801,
            0.484999008028903,
            0.05723798584169913,
            0.620900000001,
            -1e-12,
            633.7686239960248
        ]
    },
    "fitddda": {
        "fun": 1.1919789348871057e-05,
        "x": [
            160.02853809769468,
            3.1277493079260936,
            1.012099999999,
            -0.13471942865386086,
            0.5098036348505623,
            0.06773852401364432,
            0.620899999999,
            2.301600000001,
            205.98882077913365
        ]
    }
}