{
    "fitdda": {
        "fun": 9.735735721577973e-05,
        "x": [
            245.89041217983146,
            3.791963023337403,
            0.9218000000009999,
            -0.5586659383372866,
            0.22255148113169126,
            0.2039563797587244,
            0.603500000001,
            -1e-12,
            99.44507952194863
        ]
    },
    "fitddda": {
        "fun": 6.222161416439801e-05,
        "x": [
            262.9884058995553,
            3.732200362532962,
            0.921799999999,
            -0.11729937301481695,
            0.26583412266207934,
            0.18874906696497673,
            0.6034999999990001,
            2.2783000000010003,
            43.83676393757529
        ]
    }
}