{
    "fitdda": {
        "fun": 6.773688887106642e-05,
        "x": [
            136.91642230839994,
            3.258818214874041,
            0.961300000001,
            -0.7008799326243667,
            0.23314729112843502,
            0.12860938193611227,
            0.659300000001,
            1e-12,
            312.6327918656905
        ]
    },
    "fitddda": {
        "fun": 3.9363372342078084e-05,
        "x": [
            150.59589622129232,
            3.1927983457498503,
            0.9612999999990001,
            -0.19012704633684246,
            0.2932612104326448,
            0.13435237735292174,
            0.659299999999,
            2.328900000001,
            130.33058124000513
        ]
    }
}