{
    "fitdda": {
        "fun": 0.00018371937475317288,
        "x": [
            153.39128416934096,
            3.3684564089520883,
            0.9218000000009999,
            -0.6663520472722602,
            0.18087848297621978,
            0.20497570734057502,
            0.603500000001,
            -1e-12,
            224.94416182724962
        ]
    },
    "fitddda": {
        "fun": 0.0001334735614260185,
        "x": [
            165.93001557666898,
            3.337454248940461,
            0.921799999999,
            -0.40260255562956615,
            0.22495820635005842,
            0.20936644880315897,
            0.6034999999990001,
            2.2783000000010003,
            140.19021349982484
        ]
    }
}