{
    "fitdda": {
        "fun": 4.4505779951183935e-05,
        "x": [
            354.0029322054762,
            4.081065703109414,
            0.9218000000009999,
            -0.09120290232264516,
            0.3745918927313871,
            0.13223159831317324,
            0.603500000001,
            -1e-12,
            25.436902368198417
        ]
    },
    "fitddda": {
        "fun": 3.481414924093492e-05,
        "x": [
            392.50376457887404,
            4.0911364593825414,
            0.9218000000009999,
            0.23982028914597128,
            0.3752144801452634,
            0.11610705883983194,
            0.603500000001,
            2.278299999999,
            11.061403679247093
        ]
    }
}