{
    "fitdda": {
        "fun": 3.655152271379924e-05,
        "x": [
            168.9293838773047,
            3.501411841215349,
            0.9612999999999358,
            -0.663317608990743,
            0.4034372657329809,
            0.12396244480861833,
            0.659300000001,
            -1e-12,
            198.8197132143518
        ]
    },
    "fitddda": {
        "fun": 1.4937355624002132e-05,
        "x": [
            212.4315353389652,
            3.433950104274975,
            0.9612999999990036,
            0.17735448591717143,
            0.4207783136471713,
            0.1142654599246483,
            0.659300000001,
            2.328900000001,
            44.63671145520412
        ]
    }
}