{
    "fitda": {
        "fun": 0.00032953022347726244,
        "x": [
            206.0649549743842,
            3.4281291318355356,
            0.9613000000003904,
            0.14131988531669812,
            2.2315699404857988e-15,
            0.11565522159009481,
            -1e-12,
            1e-12,
            1e-12,
            47.986003383043524,
            -1e-12,
            -1e-12,
            1e-12
        ]
    },
    "fitdda": {
        "fun": 3.6243686254519274e-05,
        "x": [
            167.38954980456646,
            3.49267296359542,
            0.9613000000001239,
            -0.6337074454994567,
            0.3907213240087051,
            0.12412880324604955,
            0.18452499815884796,
            1e-12,
            1e-12,
            189.37705504070794,
            -1e-12,
            -1e-12,
            -1e-12
        ]
    },
    "fitdaa": {
        "fun": 4.159577552845716e-05,
        "x": [
            204.52846719240634,
            3.6440169430011595,
            0.9613000000009808,
            -1.1300750872615135,
            0.4298932690352679,
            0.10993871432177607,
            1e-12,
            1e-12,
            1e-12,
            459.52723416627094,
            838.9869028358436,
            -1e-12,
            1e-12
        ]
    },
    "fitddda": {
        "fun": 1.4937226985352055e-05,
        "x": [
            212.40617612700527,
            3.4340176927138355,
            0.9612999999990001,
            0.17688425727067514,
            0.4206719252859067,
            0.11427663676331935,
            0.17330747055986162,
            0.40366430282064447,
            1e-12,
            44.67615724089797,
            1e-12,
            1e-12,
            1e-12
        ]
    },
    "fitddaa": {
        "fun": 3.0238621931933654e-05,
        "x": [
            163.25302413570677,
            3.4724793022586407,
            0.9613000000009864,
            -0.5753446663456993,
            0.44726044385657393,
            0.12395022203073951,
            0.11800318102556868,
            1e-12,
            1e-12,
            172.59420069886718,
            136.4899402482389,
            -1e-12,
            -1e-12
        ]
    },
    "fitdaaa": {
        "fun": 2.534027362464505e-05,
        "x": [
            166.99768933975713,
            3.5112714914726335,
            0.9612999999993335,
            -0.7681011968828659,
            0.500103970152088,
            0.12042243029941228,
            -1e-12,
            -1e-12,
            -1e-12,
            242.9049080248978,
            496.3581433884353,
            1294.1033559079005,
            1e-12
        ]
    },
    "fitdddda": {
        "fun": 1.4737848800904632e-05,
        "x": [
            211.03808442238267,
            3.432598473206551,
            0.9612999999990001,
            0.1706593764725541,
            0.42084047536974345,
            0.11441005132846147,
            0.1721894021863452,
            0.4039284773814639,
            1.8561658555452418,
            45.27042643239679,
            1e-12,
            1e-12,
            -1e-12
        ]
    },
    "fitdddaa": {
        "fun": 1.4874721744397448e-05,
        "x": [
            213.13236449277773,
            3.434837659659639,
            0.961300000001,
            0.18040883893450763,
            0.4330237075016711,
            0.11424977017855946,
            0.1660760111873522,
            0.3830017757940739,
            1e-12,
            44.30358144367532,
            5.666394913821834,
            -1e-12,
            -1e-12
        ]
    },
    "fitddaaa": {
        "fun": 1.2549918401616895e-05,
        "x": [
            221.219641662237,
            3.4432778152897265,
            0.9613000000009969,
            0.21509019537821875,
            0.42427103488073126,
            0.11394407913765549,
            0.17047273321323914,
            -1e-12,
            1e-12,
            40.87501143388809,
            1.114181638707495,
            210.5511120343776,
            1e-12
        ]
    },
    "fitdaaaa": {
        "fun": 2.5220601058708226e-05,
        "x": [
            166.89743873028402,
            3.510793131503805,
            0.9612999999994616,
            -0.7665739920828647,
            0.5004101863328408,
            0.12044688827032352,
            -1e-12,
            1e-12,
            1e-12,
            242.27765884632572,
            490.82644398402255,
            1291.4130419758294,
            6264.7692636157735
        ]
    },
    "fitddddaa": {
        "fun": 1.469336375701353e-05,
        "x": [
            209.10340885186778,
            3.431044684643884,
            0.9612999999990037,
            0.16051446825253227,
            0.4312688091121205,
            0.11468701058579803,
            0.16631080631580478,
            0.38728624156705066,
            1.900925902980502,
            46.18445814527599,
            5.027487652064034,
            -1e-12,
            1e-12
        ]
    },
    "fitdddaaa": {
        "fun": 1.1429732582769782e-05,
        "x": [
            214.73995606684755,
            3.4369392027878676,
            0.9613000000009974,
            0.18683410543077972,
            0.4380368010194129,
            0.11520888151384209,
            0.16394554125332747,
            -0.4699169758023995,
            -1e-12,
            43.06508659524288,
            6.820456457360564,
            466.12290419967445,
            -1e-12
        ]
    },
    "fitddaaaa": {
        "fun": 1.2548490764584523e-05,
        "x": [
            222.51748103806474,
            3.4443667587310967,
            0.961300000001,
            0.22131520360818088,
            0.4228666518777959,
            0.11379227237555839,
            0.17109778444590612,
            -1e-12,
            1e-12,
            40.34324690537037,
            0.4960896492002145,
            209.99664160567127,
            -15.897706201385862
        ]
    },
    "fitddddaaa": {
        "fun": 1.1337203889157084e-05,
        "x": [
            227.08071521390687,
            3.4490993149111624,
            0.9612999999990001,
            0.2401865494360602,
            0.4341503981586458,
            0.11388625087806364,
            0.16556350256034646,
            -0.42287314743820914,
            -1.6247929100810052,
            38.44124514875824,
            4.7303172741154285,
            403.5059970219598,
            1e-12
        ]
    },
    "fitdddaaaa": {
        "fun": 1.1429732582769773e-05,
        "x": [
            214.73995606684755,
            3.4369392027878676,
            0.9613000000009974,
            0.18683410543077972,
            0.4380368010194129,
            0.11520888151384207,
            0.16394554125332747,
            -0.4699169758023995,
            -1e-12,
            43.06508659524288,
            6.820456457360564,
            466.12290419967445,
            -1.5763182288023135e-12
        ]
    },
    "fitddddaaaa": {
        "fun": 1.1251075653712767e-05,
        "x": [
            222.9075643858823,
            3.444811745814016,
            0.9613000000009972,
            0.22316273465590497,
            0.43048743148975416,
            0.114331933587834,
            0.16845325135530306,
            -0.467660385020805,
            -1.7168962124465115,
            39.87878822296202,
            3.141243153491625,
            442.5874852538479,
            -1.3450166409407807
        ]
    }
}