{
    "fitda": {
        "fun": 0.00020626433136627142,
        "x": [
            159.74220893265255,
            3.1420214839526537,
            1.012100000001,
            -0.22677910991783728,
            0.0,
            0.06735589276538603,
            1e-12,
            -1e-12,
            1e-12,
            240.37830103543064,
            1e-12,
            1e-12,
            -1e-12
        ]
    },
    "fitdda": {
        "fun": 2.2596463469618287e-05,
        "x": [
            185.0247694002129,
            3.2755651856154935,
            1.012100000001,
            -0.765513511526368,
            0.46778151849356076,
            0.05781108763895693,
            0.09113462337371134,
            -1e-12,
            -1e-12,
            611.3366797891761,
            -1e-12,
            1e-12,
            -1e-12
        ]
    },
    "fitdaa": {
        "fun": 2.575243644367027e-05,
        "x": [
            188.80378565553718,
            3.29219422075626,
            1.012099999999,
            -0.8451600631332498,
            0.5151207026973683,
            0.054378679198198235,
            1e-12,
            1e-12,
            1e-12,
            727.3954211997674,
            1323.813993571425,
            -1e-12,
            1e-12
        ]
    },
    "fitddda": {
        "fun": 1.1919781931037223e-05,
        "x": [
            160.0137841529732,
            3.1278440358806177,
            1.0120999999990035,
            -0.1354839600097192,
            0.5098319495271147,
            0.06772973457112981,
            0.10909034275390714,
            0.2510860893805674,
            1e-12,
            206.27205977269202,
            -9.96539115537626e-13,
            -1e-12,
            1e-12
        ]
    },
    "fitddaa": {
        "fun": 1.9221071792974917e-05,
        "x": [
            178.39849371041026,
            3.258595720814499,
            1.012099999999006,
            -0.7393893762989512,
            0.5065167228863732,
            0.057687140110992165,
            0.05616746188415419,
            1e-12,
            1e-12,
            592.8435245376709,
            438.4495261575579,
            1e-12,
            -1e-12
        ]
    },
    "fitdaaa": {
        "fun": 1.6563439682695116e-05,
        "x": [
            184.82580133252117,
            3.2854613625229674,
            1.012100000001,
            -0.8612600121746208,
            0.5372202497357751,
            0.05216400576974675,
            1e-12,
            -1e-12,
            -1e-12,
            776.14575289874,
            1441.075081425681,
            3539.5619282264624,
            -1e-12
        ]
    },
    "fitdddda": {
        "fun": 1.180530460442468e-05,
        "x": [
            161.03263667616758,
            3.1256209135991013,
            1.0120999999990035,
            -0.1095920723238405,
            0.510397711137647,
            0.06792146719756237,
            0.10842166602813515,
            0.25170644494314187,
            1.3835187903364479,
            197.2361246218239,
            -9.965555994653083e-13,
            -1e-12,
            1e-12
        ]
    },
    "fitdddaa": {
        "fun": 1.1146832812269936e-05,
        "x": [
            161.62997621415627,
            3.1247386560889927,
            1.012100000001,
            -0.09954141464149523,
            0.46307839574137544,
            0.06765519320322186,
            0.14369687962736716,
            0.40195483872320026,
            1e-12,
            195.1678606155936,
            -138.67192262599386,
            -1e-12,
            1e-12
        ]
    },
    "fitddaaa": {
        "fun": 9.555724676071217e-06,
        "x": [
            171.8534007800876,
            3.1179423023472306,
            1.0120999999990024,
            0.05725961661558183,
            0.44621596520119444,
            0.06870745421760824,
            0.15153444746307176,
            -1e-12,
            -1e-12,
            147.7279864507988,
            -136.0161470820661,
            1203.9158832441105,
            1e-12
        ]
    },
    "fitdaaaa": {
        "fun": 1.648212387584614e-05,
        "x": [
            184.68754416991874,
            3.28505268990516,
            1.012100000001,
            -0.8600828863177075,
            0.5374580955535428,
            0.052207491094523106,
            -1e-12,
            1e-12,
            1e-12,
            774.2768200811876,
            1423.2869846614883,
            3532.2604506344705,
            20586.114556193483
        ]
    },
    "fitddddaa": {
        "fun": 1.0839884196872469e-05,
        "x": [
            162.03066914915172,
            3.1246988237185547,
            1.012100000000997,
            -0.09436836622638316,
            0.4547683777528524,
            0.06763752160452474,
            0.14816208184290072,
            0.4393024731066274,
            2.3451475193950775,
            193.58810583858235,
            -161.92127292977617,
            1e-12,
            1e-12
        ]
    },
    "fitdddaaa": {
        "fun": 9.537374247203281e-06,
        "x": [
            174.18211626737377,
            3.1181166836005416,
            1.012099999999,
            0.08234244567926541,
            0.4508453784500906,
            0.06884119807957621,
            0.1476588531401311,
            -0.05779863092822092,
            -1e-12,
            141.11787051511357,
            -118.97546365427056,
            1240.0469384790579,
            1e-12
        ]
    },
    "fitddaaaa": {
        "fun": 9.549857381501538e-06,
        "x": [
            170.64341502824792,
            3.1182259679639106,
            1.012099999999,
            0.04244091001836129,
            0.4457509811406498,
            0.06869234025348137,
            0.15195051260050652,
            9.97330974374536e-13,
            -1e-12,
            151.53630869702752,
            -140.52446669940304,
            1239.0153920744985,
            -58.543113122434825
        ]
    },
    "fitddddaaa": {
        "fun": 8.865759489931817e-06,
        "x": [
            214.62538300369926,
            3.1416245472627047,
            1.012099999999002,
            0.34443291193325026,
            0.4308813153933085,
            0.0686249105238287,
            0.14795672179538313,
            -0.2627058684357085,
            -3.7063516457427363,
            87.33397338575784,
            -80.27235438475847,
            1135.5614236620038,
            -1e-12
        ]
    },
    "fitdddaaaa": {
        "fun": 9.521597502583092e-06,
        "x": [
            174.67189205347205,
            3.1186524302711955,
            1.012100000001,
            0.08533484326138989,
            0.45166672546832193,
            0.06890215984210322,
            0.14711177705324716,
            -0.07850840324412299,
            -1e-12,
            140.18470235798773,
            -116.464863587306,
            1278.05371577159,
            -103.85930189395546
        ]
    },
    "fitddddaaaa": {
        "fun": 8.820915901289551e-06,
        "x": [
            218.68546176161405,
            3.1445504912384084,
            1.012099999999,
            0.36297743050720926,
            0.4247796980157984,
            0.06856861999423298,
            0.14986720955887695,
            -0.2932283379496243,
            -4.120538748027645,
            84.28851067495599,
            -82.3656866504933,
            1169.369645315189,
            68.89112293284272
        ]
    }
}