{
    "fitda": {
        "fun": 0.001483035086529992,
        "x": [
            166.85149959077316,
            3.459873664798638,
            0.921799999999,
            -0.8687986059656426,
            2.6710520870876315e-15,
            0.2076883918993706,
            1e-12,
            1e-12,
            1e-12,
            297.48277370719865,
            -1e-12,
            1e-12,
            1e-12
        ]
    },
    "fitdda": {
        "fun": 0.00014818063280815547,
        "x": [
            178.3144201696766,
            3.538589891161015,
            0.9218000000009958,
            -1.1305787581991364,
            0.22363496160746243,
            0.18180191262944934,
            0.35763410668199347,
            -1e-12,
            -1e-12,
            508.52786490204994,
            -1e-12,
            1e-12,
            -1e-12
        ]
    },
    "fitdaa": {
        "fun": 0.00014443313289552658,
        "x": [
            188.8935010966239,
            3.582089275180846,
            0.921799999999,
            -1.2222277795830145,
            0.2653723903114957,
            0.17552168916294134,
            1e-12,
            1e-12,
            1e-12,
            598.6275429820994,
            1366.288087621858,
            -1e-12,
            -1e-12
        ]
    },
    "fitddda": {
        "fun": 5.679715706399128e-05,
        "x": [
            165.13350538329905,
            3.403785500660758,
            0.921799999999,
            -0.6360240007810686,
            0.3092037027731939,
            0.2140988784485295,
            0.4232602860745634,
            1.2988646364912173,
            1e-12,
            197.55516183912744,
            1e-12,
            -1e-12,
            -1e-12
        ]
    },
    "fitddaa": {
        "fun": 0.00010396938513714164,
        "x": [
            168.4109656346191,
            3.4608309932597923,
            0.921799999999,
            -0.8442028207203208,
            0.3283725790503753,
            0.21082398133710878,
            0.20691059471576886,
            1e-12,
            1e-12,
            279.9329226622211,
            355.7698283428478,
            1e-12,
            -1e-12
        ]
    },
    "fitdaaa": {
        "fun": 2.783528144602853e-05,
        "x": [
            166.07096776206558,
            3.427939898489618,
            0.9218000000009425,
            -0.7186542938085416,
            0.41641918171364045,
            0.21677248410689764,
            1e-12,
            -1e-12,
            1e-12,
            221.26746878775725,
            576.0784916648422,
            1758.504128233801,
            -1e-12
        ]
    },
    "fitdddda": {
        "fun": 5.6635105002583284e-05,
        "x": [
            165.2302300707465,
            3.403396603310563,
            0.921799999999,
            -0.6329766670160066,
            0.3097234269771105,
            0.2142730226074227,
            0.42160256406642194,
            1.2993099918782334,
            2.829139191814069,
            196.36020383155832,
            1e-12,
            1e-12,
            1e-12
        ]
    },
    "fitdddaa": {
        "fun": 3.202486129940325e-05,
        "x": [
            166.9565811442096,
            3.415660838920364,
            0.9218000000005421,
            -0.6525645262813482,
            0.4128266392113686,
            0.21783998626648457,
            0.07640143204100605,
            1.1647255423392073,
            -1e-12,
            197.59698234757255,
            425.49529149233064,
            1e-12,
            -1e-12
        ]
    },
    "fitddaaa": {
        "fun": 2.778880371498795e-05,
        "x": [
            166.16431552187868,
            3.4271808977834626,
            0.9218000000009955,
            -0.7139197701542777,
            0.4148610281302556,
            0.21700647885907584,
            0.010712682633569306,
            -1e-12,
            1e-12,
            219.29292094891673,
            557.3332962581785,
            1687.5790357813576,
            1e-12
        ]
    },
    "fitdaaaa": {
        "fun": 2.746042438036435e-05,
        "x": [
            166.07390863645787,
            3.4276881218015127,
            0.9218000000003698,
            -0.7174564081116699,
            0.4168059323373372,
            0.21682344130144254,
            1e-12,
            1e-12,
            1e-12,
            220.78080589963665,
            572.4073973884476,
            1754.9944222220893,
            3629.75746074508
        ]
    },
    "fitddddaa": {
        "fun": 3.1550868501652047e-05,
        "x": [
            166.70082577116338,
            3.4150053319664315,
            0.921799999999,
            -0.6529506609656732,
            0.4159870267534472,
            0.21770750465093974,
            0.0687976622849107,
            1.2055575847801079,
            -3.8034971205539816,
            197.898024590389,
            438.2116612166158,
            -1e-12,
            -1e-12
        ]
    },
    "fitdddaaa": {
        "fun": 2.7468417285873487e-05,
        "x": [
            167.3205017272849,
            3.415646241780955,
            0.9218000000009999,
            -0.6465631830959905,
            0.42329210557720043,
            0.22040252005182073,
            0.049773990729351715,
            -0.4160051193290262,
            1e-12,
            192.81614473825388,
            455.24691723765216,
            1764.6733783941422,
            1e-12
        ]
    },
    "fitddaaaa": {
        "fun": 2.7457855650627515e-05,
        "x": [
            166.0705995578601,
            3.427533596006181,
            0.9218000000009955,
            -0.7168469917476813,
            0.4163002412806712,
            0.21683195011859926,
            0.0025125614233352956,
            -1e-12,
            9.955653523661654e-13,
            220.5598412734892,
            568.5225432110408,
            1739.0594373407384,
            3629.9022853074575
        ]
    },
    "fitddddaaa": {
        "fun": 2.6770483190586093e-05,
        "x": [
            166.81671308771254,
            3.415367793576884,
            0.9218000000009999,
            -0.6523211694303548,
            0.4266650489886625,
            0.21981958535836116,
            0.029801044369329784,
            -0.3273102497790376,
            4.450643802337873,
            195.39104451952178,
            479.9816774012998,
            1750.4175311565953,
            1e-12
        ]
    },
    "fitdddaaaa": {
        "fun": 2.649362072958016e-05,
        "x": [
            167.38731256167944,
            3.4134902523781703,
            0.9217999999998543,
            -0.6363098521656829,
            0.4269848318990084,
            0.22083944390017296,
            0.047409844616962495,
            -0.5366990172447392,
            -1.4561867140449193e-13,
            189.1562323095725,
            448.64131513781064,
            1864.440195510718,
            3650.5822807186096
        ]
    },
    "fitddddaaaa": {
        "fun": 2.6464501373139945e-05,
        "x": [
            168.4239522543877,
            3.4099748784712056,
            0.9217999999990057,
            -0.6068509911173263,
            0.4374472361634559,
            0.22234046747723832,
            0.0408326338649656,
            -0.5870977085161817,
            2.095321718433832,
            178.5089195460008,
            433.5041002943883,
            1829.1703941928763,
            3659.54022791018
        ]
    }
}