{
    "fitda": {
        "fun": 0.0006063451991473421,
        "x": [
            140.81786355990502,
            3.23302405476767,
            0.9613000000009961,
            -0.49126795899401043,
            1.0617749551794359e-15,
            0.13555244592463953,
            1e-12,
            1e-12,
            1e-12,
            211.89571549086406,
            1e-12,
            1e-12,
            -1e-12
        ]
    },
    "fitdda": {
        "fun": 6.0707936423663546e-05,
        "x": [
            155.60231935085602,
            3.364158033073708,
            0.9613000000007634,
            -1.011388680686235,
            0.2686514053413597,
            0.11739336948853633,
            0.19701665539750585,
            -1e-12,
            -1e-12,
            533.7648587801812,
            1e-12,
            1e-12,
            1e-12
        ]
    },
    "fitdaa": {
        "fun": 6.280730662900345e-05,
        "x": [
            166.61337672981168,
            3.412659483941639,
            0.9612999999990001,
            -1.1557104231261996,
            0.3033500198181161,
            0.10759390897935614,
            1e-12,
            1e-12,
            1e-12,
            712.4305615347661,
            1382.1506919628196,
            1e-12,
            1e-12
        ]
    },
    "fitddda": {
        "fun": 1.7920985244057137e-05,
        "x": [
            144.71795087731033,
            3.2149877958531587,
            0.9612999999990001,
            -0.34686542845367324,
            0.3532890189229038,
            0.13595616096164384,
            0.22987552563580882,
            0.6742009634061445,
            1e-12,
            165.92194836007587,
            1e-12,
            -1e-12,
            1e-12
        ]
    },
    "fitddaa": {
        "fun": 4.6805528597327866e-05,
        "x": [
            147.8542273213712,
            3.3243824934560093,
            0.9612999999990001,
            -0.8871541036505708,
            0.33200199688660653,
            0.12396189381109762,
            0.11288399777044468,
            1e-12,
            1e-12,
            422.2438849168351,
            408.4767122054517,
            -1e-12,
            -1e-12
        ]
    },
    "fitdaaa": {
        "fun": 2.291632276572462e-05,
        "x": [
            145.36382662707416,
            3.316624692847803,
            0.9612999999993347,
            -0.8866530305404962,
            0.3784941323939045,
            0.12252049884819094,
            -1e-12,
            1e-12,
            1e-12,
            426.40498665225437,
            891.3897790663788,
            2756.0548945830433,
            1e-12
        ]
    },
    "fitdddda": {
        "fun": 1.7568717796765587e-05,
        "x": [
            144.6918766321194,
            3.214952171064339,
            0.961300000001,
            -0.34710015149093887,
            0.3533136960769676,
            0.13594586139766549,
            0.2279327241487397,
            0.6742447941097276,
            2.7012863513883802,
            166.00771138120896,
            1e-12,
            -1e-12,
            1e-12
        ]
    },
    "fitdddaa": {
        "fun": 1.727109450053466e-05,
        "x": [
            144.3360830513356,
            3.2169585103024834,
            0.9612999999990001,
            -0.3594823794868636,
            0.3775813178353772,
            0.13627852552607597,
            0.19216720977899088,
            0.5676266367112721,
            1e-12,
            168.8021072137101,
            66.79564190255634,
            -1e-12,
            -1e-12
        ]
    },
    "fitddaaa": {
        "fun": 1.4569880120502371e-05,
        "x": [
            149.6929008964536,
            3.2121668202939224,
            0.9612999999990001,
            -0.26584885983482504,
            0.37905200668142197,
            0.1376083700029955,
            0.20723560070485053,
            -1e-12,
            9.967329223800183e-13,
            142.2296425887379,
            36.019605918205215,
            770.0599836662632,
            -1e-12
        ]
    },
    "fitdaaaa": {
        "fun": 2.2642794350394663e-05,
        "x": [
            145.3096114468862,
            3.31629680176236,
            0.9613000000002851,
            -0.8855547042033274,
            0.3787683575729322,
            0.12257224812176773,
            -1e-12,
            -1e-12,
            -1e-12,
            425.54697572592556,
            881.8121375397241,
            2750.8886510402067,
            11186.819542788635
        ]
    },
    "fitddddaa": {
        "fun": 1.703254992240961e-05,
        "x": [
            144.4522218610504,
            3.2162618674186083,
            0.9612999999990001,
            -0.35497694534053703,
            0.37569634803217505,
            0.13624194937155593,
            0.19419372888496705,
            0.5748372097035421,
            2.2254638117050582,
            167.63408835815244,
            60.021806263442244,
            -1e-12,
            -1e-12
        ]
    },
    "fitdddaaa": {
        "fun": 1.3373677876612721e-05,
        "x": [
            157.98461791673688,
            3.2119955775169844,
            0.9612999999990001,
            -0.1633160994030724,
            0.4023224455491345,
            0.13833909738222142,
            0.1928168096460529,
            -0.4277124727528526,
            -1e-12,
            117.76649074866432,
            50.405528252693685,
            1058.0368034411904,
            -1e-12
        ]
    },
    "fitddaaaa": {
        "fun": 1.456842991866097e-05,
        "x": [
            148.91013901308048,
            3.211633781204539,
            0.9612999999990001,
            -0.27412235757279263,
            0.3777342539744261,
            0.13744666259941823,
            0.20744228197462392,
            -1e-12,
            -1e-12,
            144.56248067695952,
            35.68845529420293,
            783.5358420239783,
            5.829854448664511
        ]
    },
    "fitddddaaa": {
        "fun": 1.3332296832488458e-05,
        "x": [
            160.67359237587814,
            3.2145990383178042,
            0.9612999999990587,
            -0.14233481378852478,
            0.4056796310373227,
            0.13849705552108493,
            0.19253666695293803,
            -0.45331393831359096,
            -0.7089104255582936,
            113.04105778884632,
            50.23430729092736,
            1042.5235185016745,
            1e-12
        ]
    },
    "fitdddaaaa": {
        "fun": 1.2985230974264126e-05,
        "x": [
            159.3247438837978,
            3.212720145776121,
            0.9613000000009974,
            -0.15072752172575501,
            0.40092508381124803,
            0.1385606876774816,
            0.1963887245174458,
            -0.5972310191220763,
            -1e-12,
            114.83917411749925,
            44.698441538419075,
            1223.4440070393873,
            18.925718182650876
        ]
    },
    "fitddddaaaa": {
        "fun": 1.2970211483471238e-05,
        "x": [
            161.72009158351966,
            3.2123829966046813,
            0.961300000001,
            -0.12293525217606494,
            0.4068621434687719,
            0.13838055933450458,
            0.1946100266950767,
            -0.5854231721140118,
            -1.5176955697981487,
            109.38720162209982,
            46.51841392563107,
            1150.317779171504,
            -34.435150559764146
        ]
    }
}