{
    "fitda": {
        "fun": 0.0003203683629610214,
        "x": [
            395.5019093056414,
            4.094256295151495,
            0.9218000000008661,
            0.2389675769810314,
            1.8350250752612047e-15,
            0.11683327769153529,
            1e-12,
            1e-12,
            1e-12,
            11.012125081078064,
            1e-12,
            -1e-12,
            -1e-12
        ]
    },
    "fitdda": {
        "fun": 4.430225823794757e-05,
        "x": [
            356.559884383984,
            4.079037910253147,
            0.921799999999,
            -0.04844869262880526,
            0.3639877954744672,
            0.13037998145152502,
            0.21230808684565203,
            1e-12,
            -1e-12,
            23.10087170851233,
            -1e-12,
            -1e-12,
            -1e-12
        ]
    },
    "fitdaa": {
        "fun": 5.181681484837592e-05,
        "x": [
            589.6819163884452,
            4.436095533518409,
            0.9218000000009999,
            -1.3612000325411215,
            0.40479529177450735,
            0.1509887806806996,
            1e-12,
            1e-12,
            1e-12,
            262.81818010081685,
            594.3986716305553,
            1e-12,
            -1e-12
        ]
    },
    "fitddda": {
        "fun": 3.481422959359696e-05,
        "x": [
            394.3643372244796,
            4.093108762214039,
            0.921799999999,
            0.2441541332292238,
            0.3750789707067963,
            0.11592395983701617,
            0.19209955001198611,
            0.43768436817500883,
            1e-12,
            10.900914746056447,
            1e-12,
            1e-12,
            -1e-12
        ]
    },
    "fitddaa": {
        "fun": 4.122523202819641e-05,
        "x": [
            341.535248517092,
            4.0836200707928105,
            0.921799999999,
            -0.24982109540811365,
            0.4338494005519357,
            0.13830364192739325,
            0.17157151862858155,
            1e-12,
            1e-12,
            35.94015927358146,
            33.390926127791666,
            -1e-12,
            1e-12
        ]
    },
    "fitdaaa": {
        "fun": 4.411056095353795e-05,
        "x": [
            477.8432765629906,
            4.3251984336076745,
            0.9218000000009352,
            -1.1310885796148096,
            0.4507777184110092,
            0.15389904401922627,
            -1e-12,
            1e-12,
            -1e-12,
            177.5649256654034,
            439.21604930632657,
            1105.8771442773977,
            1e-12
        ]
    },
    "fitdddda": {
        "fun": 3.473804315940247e-05,
        "x": [
            394.55909508844707,
            4.0932008921166,
            0.921799999999,
            0.2455305578586681,
            0.3750827155405117,
            0.11585375317489845,
            0.19024298428192174,
            0.4377171182638677,
            2.4333059432173436,
            10.857758596848727,
            1e-12,
            1e-12,
            1e-12
        ]
    },
    "fitdddaa": {
        "fun": 3.457311226419178e-05,
        "x": [
            391.65561473490567,
            4.090800513595662,
            0.921799999999,
            0.23842816184549373,
            0.41278829505107134,
            0.11627766905484839,
            0.17854417042176585,
            0.39806043284002424,
            1e-12,
            11.069157659630186,
            5.195341622579392,
            1e-12,
            -1e-12
        ]
    },
    "fitddaaa": {
        "fun": 3.320262622509884e-05,
        "x": [
            405.95903467921096,
            4.10400621663779,
            0.921799999999,
            0.2906748421925765,
            0.4107565665049595,
            0.11429306217705912,
            0.17711153596048737,
            -1e-12,
            1e-12,
            9.256541536776108,
            4.031220558353227,
            84.19721102897263,
            -1e-12
        ]
    },
    "fitdaaaa": {
        "fun": 4.404783794003176e-05,
        "x": [
            477.53027361793954,
            4.32484357252301,
            0.9218000000009994,
            -1.1303072988603589,
            0.4509546011009019,
            0.15390280073861437,
            -1e-12,
            1e-12,
            -1e-12,
            177.33251832960346,
            434.16739165482454,
            1104.8718247408342,
            6433.672927083449
        ]
    },
    "fitddddaa": {
        "fun": 3.450909942247885e-05,
        "x": [
            386.2484245156548,
            4.085758938024076,
            0.921799999999,
            0.21942029981188155,
            0.41403640395632096,
            0.11714561286787552,
            0.17752490868672113,
            0.39842338944282346,
            2.261851048571469,
            11.742638226461656,
            5.612970464904092,
            1e-12,
            1e-12
        ]
    },
    "fitdddaaa": {
        "fun": 3.270322878119029e-05,
        "x": [
            377.5672449159408,
            4.078982622375046,
            0.9218000000009999,
            0.1796074084482588,
            0.4191873820917381,
            0.12019984861153049,
            0.1806453853140247,
            -0.5673855692631389,
            -1e-12,
            12.887472268830336,
            6.395476994682399,
            238.12870889613833,
            -1e-12
        ]
    },
    "fitddaaaa": {
        "fun": 3.320262622509882e-05,
        "x": [
            405.95903467921096,
            4.10400621663779,
            0.921799999999,
            0.29067484219257644,
            0.4107565665049595,
            0.11429306217705877,
            0.1771115359604874,
            -1e-12,
            1e-12,
            9.256541536776108,
            4.031220558353227,
            84.19721102897263,
            -6.273278064297761e-13
        ]
    },
    "fitddddaaa": {
        "fun": 3.2692805137081956e-05,
        "x": [
            384.2649176699704,
            4.0875849344244495,
            0.9218000000009818,
            0.18344360117477615,
            0.41719691515114604,
            0.12026750280082138,
            0.18258092091236283,
            -0.6151696254013167,
            -1.4878815957260951,
            12.611570067766838,
            6.0388867971166444,
            247.5854026002687,
            1e-12
        ]
    },
    "fitdddaaaa": {
        "fun": 3.2701289474514994e-05,
        "x": [
            379.7374743871239,
            4.081969773637107,
            0.9218000000009818,
            0.180240945656544,
            0.42222470676504775,
            0.12025896379251381,
            0.1793347874557826,
            -0.5678637512868555,
            -1e-12,
            12.81211236460143,
            6.937674187395604,
            236.66276763558415,
            -3.7986779112377658
        ]
    },
    "fitddddaaaa": {
        "fun": 3.2692669365548617e-05,
        "x": [
            384.4131296345489,
            4.087284282695002,
            0.921799999999,
            0.18833845262795607,
            0.4180930109552061,
            0.12002891864451729,
            0.18192382781812622,
            -0.6202620417897079,
            -1.6496798435502,
            12.443063204243307,
            6.1182847733423475,
            247.08567190562934,
            -0.3588279628702348
        ]
    }
}