{
    "fitda": {
        "fun": 0.0008453767626044457,
        "x": [
            255.35414879846888,
            3.7736933723750505,
            0.9218000000009994,
            -0.35370472359253446,
            1.2965688674382954e-15,
            0.20185556546234423,
            1e-12,
            1e-12,
            -1e-12,
            66.4336606867042,
            1e-12,
            1e-12,
            -1e-12
        ]
    },
    "fitdda": {
        "fun": 8.802774074912392e-05,
        "x": [
            280.969732387526,
            3.9075175919983653,
            0.9218000000009887,
            -0.8682511970037435,
            0.25006634940529116,
            0.20688466825875126,
            0.37584935447403384,
            -1e-12,
            -1e-12,
            168.01583924495742,
            1e-12,
            1e-12,
            -1e-12
        ]
    },
    "fitdaa": {
        "fun": 8.751990989909716e-05,
        "x": [
            348.1689084047918,
            4.055080389338675,
            0.921799999999,
            -1.2254797650804596,
            0.2949872438968919,
            0.19516585871630507,
            1e-12,
            1e-12,
            1e-12,
            317.3611654314632,
            744.226893263295,
            1e-12,
            1e-12
        ]
    },
    "fitddda": {
        "fun": 3.7356645997328045e-05,
        "x": [
            266.8282843592822,
            3.7552306246740854,
            0.921799999999,
            -0.16801573570642428,
            0.32417722519309217,
            0.1926586045855629,
            0.35288025585408844,
            1.0304233979058244,
            1e-12,
            46.99727156110746,
            1e-12,
            1e-12,
            1e-12
        ]
    },
    "fitddaa": {
        "fun": 6.28296649522738e-05,
        "x": [
            267.08301723164766,
            3.8610204451775476,
            0.9218000000009999,
            -0.712259417600338,
            0.3434071698709975,
            0.20906907308364187,
            0.2021727524690535,
            1e-12,
            1e-12,
            125.79720600357038,
            164.8800479201876,
            1e-12,
            1e-12
        ]
    },
    "fitdaaa": {
        "fun": 2.9921900476509717e-05,
        "x": [
            274.97209360039545,
            3.894459197170117,
            0.9217999999990257,
            -0.8412029342356205,
            0.39182181348703005,
            0.20754772629669502,
            -1e-12,
            1e-12,
            -1e-12,
            158.34637447872643,
            421.38109465504147,
            1305.6710299568363,
            -1e-12
        ]
    },
    "fitdddda": {
        "fun": 3.71545826928231e-05,
        "x": [
            267.14207769991043,
            3.755362478022561,
            0.921799999999,
            -0.16590986834614563,
            0.3243825935839316,
            0.19259217512350932,
            0.350402995628361,
            1.0297501981820192,
            3.3441678890543325,
            46.78822741296336,
            1e-12,
            -1e-12,
            1e-12
        ]
    },
    "fitdddaa": {
        "fun": 2.3654434524008528e-05,
        "x": [
            272.6464707123849,
            3.7620082547734857,
            0.921799999999,
            -0.13871880116729915,
            0.4412408176390597,
            0.19308214401903165,
            0.2093939399222759,
            0.758536078498921,
            1e-12,
            43.43100000555813,
            63.83183363838077,
            -1e-12,
            -1e-12
        ]
    },
    "fitddaaa": {
        "fun": 1.9393064344410705e-05,
        "x": [
            285.7378389640587,
            3.766541131384482,
            0.9218000000009948,
            -0.05463961905850205,
            0.45875129503323847,
            0.19038532802506916,
            0.20741647912122935,
            -1e-12,
            1e-12,
            36.10896894100676,
            56.014958089200185,
            218.01931691680028,
            -1e-12
        ]
    },
    "fitdaaaa": {
        "fun": 2.9655998528548657e-05,
        "x": [
            274.8495996129053,
            3.894106056079914,
            0.9218000000009834,
            -0.8402318352538575,
            0.3920881496136488,
            0.20755659997854656,
            1e-12,
            -1e-12,
            -1e-12,
            158.07675874775413,
            417.8057504728426,
            1303.8014013392901,
            4182.423279182398
        ]
    },
    "fitddddaa": {
        "fun": 2.360150994089611e-05,
        "x": [
            272.1362267874829,
            3.761622867928588,
            0.921799999999,
            -0.14131255747716695,
            0.44106323738261277,
            0.1931668960744111,
            0.20810455169546646,
            0.7569593655066428,
            1.309159215529004,
            43.679540921181115,
            64.27288806497592,
            -1e-12,
            -1e-12
        ]
    },
    "fitdddaaa": {
        "fun": 1.6975147476373662e-05,
        "x": [
            279.49178502750397,
            3.7653944869304032,
            0.921799999999,
            -0.09680076341653215,
            0.45583414739975514,
            0.19352392512579078,
            0.20320702067257598,
            -0.9051149909863637,
            1e-12,
            39.06588851514976,
            62.206458847601496,
            511.4146551829154,
            -1e-12
        ]
    },
    "fitddaaaa": {
        "fun": 1.9391272895193325e-05,
        "x": [
            285.2332037947201,
            3.766087279603177,
            0.9218000000009949,
            -0.05664145428834216,
            0.4585243449208616,
            0.1904581674991856,
            0.20730284026572668,
            -1e-12,
            1e-12,
            36.27650023005778,
            56.25605298373664,
            218.745217435295,
            6.833940125831394
        ]
    },
    "fitddddaaa": {
        "fun": 1.6933713903716957e-05,
        "x": [
            280.2595919043855,
            3.764623447576656,
            0.921799999999,
            -0.08777570980229978,
            0.46014299464857555,
            0.1930759569591905,
            0.19933013907703268,
            -0.929220996958265,
            0.8844325664371511,
            38.37053007981131,
            62.59058772384133,
            511.6259083829866,
            1e-12
        ]
    },
    "fitdddaaaa": {
        "fun": 1.6975147476373662e-05,
        "x": [
            279.49178502750397,
            3.7653944869304032,
            0.921799999999,
            -0.09680076341653215,
            0.45583414739975514,
            0.19352392512579078,
            0.20320702067257598,
            -0.9051149909863637,
            1e-12,
            39.06588851514976,
            62.206458847601496,
            511.4146551829154,
            -1e-12
        ]
    },
    "fitddddaaaa": {
        "fun": 1.692036664964346e-05,
        "x": [
            278.9223841444208,
            3.765295426637824,
            0.9218000000009999,
            -0.10072005934502365,
            0.45729463627903266,
            0.19369065302264737,
            0.19920586378176952,
            -0.8903305034207369,
            1.830525372572528,
            39.38783626796732,
            63.757065188304715,
            509.78930818528926,
            0.2959998708750976
        ]
    }
}